[{"kurssi":"Java","opiskelija":"Teo","arvosana":5},{"kurssi":"Python","opiskelija":"Teo","arvosana":5},{"kurssi":"Python","opiskelija":"nimi","arvosana":3},{"kurssi":"Java","opiskelija":" Teo","arvosana":3},{"kurssi":"HTML/CSS","opiskelija":"Maija Meikäläinen","arvosana":5},{"kurssi":"HTML/CSS","opiskelija":"Kalle Koodari","arvosana":4},{"kurssi":"Python-ohjelmointi","opiskelija":"Olli Opiskelija","arvosana":3},{"kurssi":"Python-ohjelmointi","opiskelija":"Maija Meikäläinen","arvosana":4},{"kurssi":"Python-ohjelmointi","opiskelija":"Kalle Koodari","arvosana":5},{"kurssi":"Java","opiskelija":" Kalle","arvosana":1},{"kurssi":"Python","opiskelija":" Joel","arvosana":1}]